Age,Age:
Gender,Male
I am interested in environmental conservation,3I do my best to conserve the environment every day,3I actively participate in environmental projects,6I enjoyed the activity,5I think the activity was fun,4The platform was intuitive to use,3I learned easily how to use the platform,2Age,Age:
Gender,Male
I am interested in environmental conservation,0I do my best to conserve the environment every day,3I actively participate in environmental projects,6I enjoyed the activity,5I think the activity was fun,4The platform was intuitive to use,3I learned easily how to use the platform,2Age,Age:
Gender,Male
I am interested in environmental conservation,0I do my best to conserve the environment every day,3I actively participate in environmental projects,6I enjoyed the activity,5I think the activity was fun,4The platform was intuitive to use,3I learned easily how to use the platform,2Age,Age:
Gender,Male
I am interested in environmental conservation,6I do my best to conserve the environment every day,3I actively participate in environmental projects,6I enjoyed the activity,5I think the activity was fun,4The platform was intuitive to use,3I learned easily how to use the platform,2Age,Age:
Gender,Male
I am interested in environmental conservation,6I do my best to conserve the environment every day,3I actively participate in environmental projects,6I enjoyed the activity,5I think the activity was fun,4The platform was intuitive to use,3I learned easily how to use the platform,2Age,Age:
Gender,Male
I am interested in environmental conservation,6I do my best to conserve the environment every day,3I actively participate in environmental projects,6I enjoyed the activity,5I think the activity was fun,4The platform was intuitive to use,3I learned easily how to use the platform,2Age,Age:
Gender,Male
I am interested in environmental conservation,5I do my best to conserve the environment every day,3I actively participate in environmental projects,0I enjoyed the activity,4I think the activity was fun,0The platform was intuitive to use,4I learned easily how to use the platform,4Age,Age:
Gender,Male
I am interested in environmental conservation,5I do my best to conserve the environment every day,3I actively participate in environmental projects,0I enjoyed the activity,4I think the activity was fun,0The platform was intuitive to use,4I learned easily how to use the platform,4Age,Age:
Gender,Male
I am interested in environmental conservation,5I do my best to conserve the environment every day,3I actively participate in environmental projects,0I enjoyed the activity,4I think the activity was fun,0The platform was intuitive to use,4I learned easily how to use the platform,4Age,Age:
Gender,Male
I am interested in environmental conservation,5I do my best to conserve the environment every day,3I actively participate in environmental projects,0I enjoyed the activity,4I think the activity was fun,0The platform was intuitive to use,4I learned easily how to use the platform,4Age,Age:
Gender,Male
I am interested in environmental conservation,5I do my best to conserve the environment every day,3I actively participate in environmental projects,0I enjoyed the activity,4I think the activity was fun,0The platform was intuitive to use,4I learned easily how to use the platform,4Age,Age:
Gender,Male
I am interested in environmental conservation,0I do my best to conserve the environment every day,3I actively participate in environmental projects,0I enjoyed the activity,4I think the activity was fun,0The platform was intuitive to use,4I learned easily how to use the platform,4Age,Age:
Gender,Male
I am interested in environmental conservation,0I do my best to conserve the environment every day,3I actively participate in environmental projects,0I enjoyed the activity,4I think the activity was fun,0The platform was intuitive to use,4I learned easily how to use the platform,4Age,Age:
Gender,Male
I am interested in environmental conservation,0I do my best to conserve the environment every day,3I actively participate in environmental projects,0I enjoyed the activity,4I think the activity was fun,0The platform was intuitive to use,4I learned easily how to use the platform,4Age,Age:
Gender,Male
I am interested in environmental conservation,0I do my best to conserve the environment every day,3I actively participate in environmental projects,0I enjoyed the activity,4I think the activity was fun,0The platform was intuitive to use,4I learned easily how to use the platform,4Age,Age:
Gender,Male
I am interested in environmental conservation,0I do my best to conserve the environment every day,3I actively participate in environmental projects,0I enjoyed the activity,4I think the activity was fun,0The platform was intuitive to use,4I learned easily how to use the platform,4Age,Age:
Gender,Male
I am interested in environmental conservation,0I do my best to conserve the environment every day,3I actively participate in environmental projects,0I enjoyed the activity,4I think the activity was fun,0The platform was intuitive to use,4I learned easily how to use the platform,4Age,Age:
Gender,
I am interested in environmental conservation,4I do my best to conserve the environment every day,0I actively participate in environmental projects,0I enjoyed the activity,0I think the activity was fun,4The platform was intuitive to use,0I learned easily how to use the platform,0Age,Age:
Gender,
I am interested in environmental conservation,4I do my best to conserve the environment every day,0I actively participate in environmental projects,0I enjoyed the activity,0I think the activity was fun,4The platform was intuitive to use,0I learned easily how to use the platform,0Age,Age:
Gender,
I am interested in environmental conservation,4I do my best to conserve the environment every day,0I actively participate in environmental projects,0I enjoyed the activity,0I think the activity was fun,4The platform was intuitive to use,0I learned easily how to use the platform,0Age,Age:
Gender,
I am interested in environmental conservation,4I do my best to conserve the environment every day,0I actively participate in environmental projects,0I enjoyed the activity,0I think the activity was fun,4The platform was intuitive to use,0I learned easily how to use the platform,0Age,Age:
Gender,
I am interested in environmental conservation,4I do my best to conserve the environment every day,0I actively participate in environmental projects,0I enjoyed the activity,0I think the activity was fun,4The platform was intuitive to use,0I learned easily how to use the platform,0Age,Age:
Gender,
I am interested in environmental conservation,4I do my best to conserve the environment every day,0I actively participate in environmental projects,0I enjoyed the activity,0I think the activity was fun,4The platform was intuitive to use,0I learned easily how to use the platform,0Age,Age:
Gender,
I am interested in environmental conservation,4I do my best to conserve the environment every day,0I actively participate in environmental projects,0I enjoyed the activity,0I think the activity was fun,4The platform was intuitive to use,0I learned easily how to use the platform,0Age,Age:
Gender,
I am interested in environmental conservation,4I do my best to conserve the environment every day,0I actively participate in environmental projects,0I enjoyed the activity,0I think the activity was fun,4The platform was intuitive to use,0I learned easily how to use the platform,0Age,Age:
Gender,
I am interested in environmental conservation,4I do my best to conserve the environment every day,0I actively participate in environmental projects,0I enjoyed the activity,0I think the activity was fun,4The platform was intuitive to use,0I learned easily how to use the platform,0Age,Age:
Gender,
I am interested in environmental conservation,4I do my best to conserve the environment every day,0I actively participate in environmental projects,0I enjoyed the activity,0I think the activity was fun,4The platform was intuitive to use,0I learned easily how to use the platform,0Age,Age:
Gender,
I am interested in environmental conservation,4I do my best to conserve the environment every day,0I actively participate in environmental projects,0I enjoyed the activity,0I think the activity was fun,4The platform was intuitive to use,0I learned easily how to use the platform,0Age,Age:
Gender,
I am interested in environmental conservation,4I do my best to conserve the environment every day,0I actively participate in environmental projects,0I enjoyed the activity,0I think the activity was fun,4The platform was intuitive to use,0I learned easily how to use the platform,0Age,Age:
Gender,
I am interested in environmental conservation,4I do my best to conserve the environment every day,0I actively participate in environmental projects,0I enjoyed the activity,0I think the activity was fun,4The platform was intuitive to use,0I learned easily how to use the platform,0Age,Age:
Gender,
I am interested in environmental conservation,4I do my best to conserve the environment every day,0I actively participate in environmental projects,0I enjoyed the activity,0I think the activity was fun,4The platform was intuitive to use,0I learned easily how to use the platform,0Age,Age:
Gender,
I am interested in environmental conservation,4I do my best to conserve the environment every day,0I actively participate in environmental projects,0I enjoyed the activity,0I think the activity was fun,4The platform was intuitive to use,0I learned easily how to use the platform,0Age,Age:
Gender,
I am interested in environmental conservation,4I do my best to conserve the environment every day,0I actively participate in environmental projects,0I enjoyed the activity,0I think the activity was fun,4The platform was intuitive to use,0I learned easily how to use the platform,0Age,Age:
Gender,
I am interested in environmental conservation,4I do my best to conserve the environment every day,0I actively participate in environmental projects,0I enjoyed the activity,0I think the activity was fun,4The platform was intuitive to use,0I learned easily how to use the platform,0Age,Age:
Gender,
I am interested in environmental conservation,4I do my best to conserve the environment every day,0I actively participate in environmental projects,0I enjoyed the activity,0I think the activity was fun,4The platform was intuitive to use,0I learned easily how to use the platform,0Age,Age:
Gender,
I am interested in environmental conservation,4I do my best to conserve the environment every day,0I actively participate in environmental projects,0I enjoyed the activity,0I think the activity was fun,4The platform was intuitive to use,0I learned easily how to use the platform,0Age,Age:
Gender,
I am interested in environmental conservation,4I do my best to conserve the environment every day,0I actively participate in environmental projects,0I enjoyed the activity,0I think the activity was fun,4The platform was intuitive to use,0I learned easily how to use the platform,0Age,Age:
Gender,Gender:
I am interested in environmental conservation,5I do my best to conserve the environment every day,2I actively participate in environmental projects,4I enjoyed the activity,5I think the activity was fun,5The platform was intuitive to use,3I learned easily how to use the platform,3Age,Age:
Gender,Gender:
I am interested in environmental conservation,5I do my best to conserve the environment every day,2I actively participate in environmental projects,4I enjoyed the activity,5I think the activity was fun,5The platform was intuitive to use,3I learned easily how to use the platform,3Age,Age:
Gender,Gender:
I am interested in environmental conservation,5I do my best to conserve the environment every day,2I actively participate in environmental projects,4I enjoyed the activity,5I think the activity was fun,5The platform was intuitive to use,3I learned easily how to use the platform,3Age,Age:
Gender,Gender:
I am interested in environmental conservation,5I do my best to conserve the environment every day,2I actively participate in environmental projects,4I enjoyed the activity,5I think the activity was fun,5The platform was intuitive to use,3I learned easily how to use the platform,3Age,Age:
Gender,Gender:
I am interested in environmental conservation,0I do my best to conserve the environment every day,2I actively participate in environmental projects,4I enjoyed the activity,5I think the activity was fun,5The platform was intuitive to use,3I learned easily how to use the platform,3Age,Age:
Gender,Gender:
I am interested in environmental conservation,0I do my best to conserve the environment every day,2I actively participate in environmental projects,4I enjoyed the activity,5I think the activity was fun,5The platform was intuitive to use,3I learned easily how to use the platform,3Age,Age:
Gender,Gender:
I am interested in environmental conservation,0I do my best to conserve the environment every day,2I actively participate in environmental projects,4I enjoyed the activity,5I think the activity was fun,5The platform was intuitive to use,3I learned easily how to use the platform,3Age,Age:
Gender,Gender:
I am interested in environmental conservation,0I do my best to conserve the environment every day,2I actively participate in environmental projects,4I enjoyed the activity,5I think the activity was fun,5The platform was intuitive to use,3I learned easily how to use the platform,3Age,Age:
Gender,Gender:
I am interested in environmental conservation,0I do my best to conserve the environment every day,2I actively participate in environmental projects,4I enjoyed the activity,5I think the activity was fun,5The platform was intuitive to use,3I learned easily how to use the platform,3Age,Age:
Gender,Gender:
I am interested in environmental conservation,0I do my best to conserve the environment every day,2I actively participate in environmental projects,4I enjoyed the activity,5I think the activity was fun,5The platform was intuitive to use,3I learned easily how to use the platform,3Age,Age:
Gender,Gender:
I am interested in environmental conservation,0I do my best to conserve the environment every day,2I actively participate in environmental projects,4I enjoyed the activity,5I think the activity was fun,5The platform was intuitive to use,3I learned easily how to use the platform,3Age,Age:
Gender,Gender:
I am interested in environmental conservation,0I do my best to conserve the environment every day,2I actively participate in environmental projects,4I enjoyed the activity,5I think the activity was fun,5The platform was intuitive to use,3I learned easily how to use the platform,3Age,Age:
Gender,Male
I am interested in environmental conservation,0I do my best to conserve the environment every day,2I actively participate in environmental projects,4I enjoyed the activity,5I think the activity was fun,5The platform was intuitive to use,3I learned easily how to use the platform,3Age,Age:
Gender,Male
I am interested in environmental conservation,0I do my best to conserve the environment every day,2I actively participate in environmental projects,4I enjoyed the activity,5I think the activity was fun,5The platform was intuitive to use,3I learned easily how to use the platform,3Age,Age:
Gender,Gender:
I am interested in environmental conservation,4I do my best to conserve the environment every day,6I actively participate in environmental projects,2I enjoyed the activity,4I think the activity was fun,0The platform was intuitive to use,4I learned easily how to use the platform,0